cbsa_code,year_range,cbsa_name,st_name,cbsa_patents_invented,cbsa_inventors_per_patent,cbsa_patent_applications,cbsa_applicants_per_patent
"Aberdeen, SD",2008-2012,10100,South Dakota,3.26666665077209,10,3.08333349227905,5
"Aberdeen, WA",2008-2012,10140,Washington,9.16666698455811,19,9.5,10
"Abilene, TX",2008-2012,10180,Texas,10.1499996185303,17,5,5
"Ada, OK",2008-2012,10220,Oklahoma,4.25,5,3.25,4
"Adrian, MI",2008-2012,10300,Michigan,51.9726181030273,140,35.6136360168457,42
"Akron, OH",2008-2012,10420,Ohio,721.381896972656,1944,619.396850585938,724
"Alamogordo, NM",2008-2012,10460,New Mexico,5,7,3,4
"Albany, GA",2008-2012,10500,Georgia,2.21230173110962,7,0.5,1
"Albany, OR",2008-2012,10540,Oregon,26.7063503265381,69,58.3333320617676,61
"Albany-Schenectady-Troy, NY",2008-2012,10580,New York,1143.08764648438,4312,2466.51391601562,2603
"Albemarle, NC",2008-2012,10620,North Carolina,8.36904811859131,28,3,3
"Albert Lea, MN",2008-2012,10660,Minnesota,5.06666660308838,12,2,2
"Albertville, AL",2008-2012,10700,Alabama,6.38333320617676,17,14,14
"Albuquerque, NM",2008-2012,10740,New Mexico,376.211730957031,1122,346.795623779297,461
"Alexandria, LA",2008-2012,10780,Louisiana,9.06666660308838,15,4,4
"Alexandria, MN",2008-2012,10820,Minnesota,24.2063503265381,60,27.375,30
"Alice, TX",2008-2012,10860,Texas,1.25,2,2,2
"Allentown-Bethlehem-Easton, PA-NJ",2008-2012,10900,Pennsylvania,725.136779785156,2290,487.879974365234,540
"Alma, MI",2008-2012,10940,Michigan,4.44090938568115,15,0.25,1
"Alpena, MI",2008-2012,10980,Michigan,3.86666679382324,7,NA,NA
"Altoona, PA",2008-2012,11020,Pennsylvania,14.7178573608398,32,7,7
"Altus, OK",2008-2012,11060,Oklahoma,0.25,1,NA,NA
"Amarillo, TX",2008-2012,11100,Texas,18.7857151031494,40,11.1999998092651,15
"Americus, GA",2008-2012,11140,Georgia,0.333333343267441,1,NA,NA
"Ames, IA",2008-2012,11180,Iowa,125.780502319336,349,71.033332824707,97
"Amsterdam, NY",2008-2012,11220,New York,6.34166669845581,18,16.5,17
"Anchorage, AK",2008-2012,11260,Alaska,32.7463188171387,72,25.5595245361328,34
"Andrews, TX",2008-2012,11380,Texas,0.5,1,1,1
"Angola, IN",2008-2012,11420,Indiana,9.78333377838135,15,1,1
"Ann Arbor, MI",2008-2012,11460,Michigan,1187.78540039062,3375,761.442504882812,975
"Anniston-Oxford-Jacksonville, AL",2008-2012,11500,Alabama,9.33333301544189,13,1.5,2
"Appleton, WI",2008-2012,11540,Wisconsin,249.399368286133,899,39.283332824707,48
"Arcadia, FL",2008-2012,11580,Florida,1.66666674613953,3,3,3
"Ardmore, OK",2008-2012,11620,Oklahoma,9.14999961853027,27,5,5
"Arkansas City-Winfield, KS",2008-2012,11680,Kansas,1.08333337306976,3,1,1
"Asheville, NC",2008-2012,11700,North Carolina,149.077774047852,326,40.5833320617676,46
"Ashland, OH",2008-2012,11740,Ohio,13.1500005722046,28,7.83333349227905,12
"Ashtabula, OH",2008-2012,11780,Ohio,13.0174875259399,43,7.19999980926514,9
"Astoria, OR",2008-2012,11820,Oregon,3.66666674613953,6,4,4
"Atchison, KS",2008-2012,11860,Kansas,3.08333349227905,8,2.40000009536743,4
"Athens, OH",2008-2012,11900,Ohio,67.3666687011719,122,73.1333312988281,80
"Athens, TN",2008-2012,11940,Tennessee,2.90000009536743,6,3,3
"Athens, TX",2008-2012,11980,Texas,11.5166664123535,24,2.75,4
"Athens-Clarke County, GA",2008-2012,12020,Georgia,147.775405883789,399,132.930953979492,197
"Atlanta-Sandy Springs-Roswell, GA",2008-2012,12060,Georgia,3104.37060546875,8590,3355.18090820312,3837
"Atlantic City-Hammonton, NJ",2008-2012,12100,New Jersey,27.4194450378418,59,30.5,32
"Auburn, IN",2008-2012,12140,Indiana,11.4857149124146,29,14,14
"Auburn, NY",2008-2012,12180,New York,36.1492080688477,113,12.4583330154419,17
"Auburn-Opelika, AL",2008-2012,12220,Alabama,65.88134765625,218,69.1666641235352,94
"Augusta-Richmond County, GA-SC",2008-2012,12260,Georgia,95.8026351928711,243,71.4404754638672,96
"Augusta-Waterville, ME",2008-2012,12300,Maine,9.89166641235352,24,5.83333349227905,7
"Austin, MN",2008-2012,12380,Minnesota,12.2630958557129,35,13,14
"Austin-Round Rock, TX",2008-2012,12420,Texas,2294.58129882812,6563,2544.26953125,2867
"Bainbridge, GA",2008-2012,12460,Georgia,4.27777767181396,9,4,4
"Bakersfield, CA",2008-2012,12540,California,95.8040390014648,221,53.8095245361328,65
"Baltimore-Columbia-Towson, MD",2008-2012,12580,Maryland,1739.22827148438,5030,1652.58508300781,2048
"Bangor, ME",2008-2012,12620,Maine,45.1916656494141,142,52,69
"Baraboo, WI",2008-2012,12660,Wisconsin,23.5345249176025,66,5,6
"Bardstown, KY",2008-2012,12680,Kentucky,2.27261900901794,9,NA,NA
"Barnstable Town, MA",2008-2012,12700,Massachusetts,94.3172988891602,229,56.8011894226074,68
"Barre, VT",2008-2012,12740,Vermont,31.5038967132568,75,33.3095245361328,36
"Bartlesville, OK",2008-2012,12780,Oklahoma,157.090087890625,568,25.3603172302246,107
"Bastrop, LA",2008-2012,12820,Louisiana,1,2,NA,NA
"Batavia, NY",2008-2012,12860,New York,15.9452381134033,39,9.59090900421143,11
"Batesville, AR",2008-2012,12900,Arkansas,10.25,17,0.25,1
"Baton Rouge, LA",2008-2012,12940,Louisiana,237.867462158203,677,210.080947875977,270
"Battle Creek, MI",2008-2012,12980,Michigan,82.7883529663086,171,32.283332824707,37
"Bay City, MI",2008-2012,13020,Michigan,60.5893936157227,192,49,55
"Bay City, TX",2008-2012,13060,Texas,2.8901515007019,10,1,1
"Beatrice, NE",2008-2012,13100,Nebraska,2.33333325386047,5,1,1
"Beaumont-Port Arthur, TX",2008-2012,13140,Texas,81.061653137207,212,62.033332824707,67
"Beaver Dam, WI",2008-2012,13180,Wisconsin,28.695671081543,69,9.61666679382324,15
"Beckley, WV",2008-2012,13220,West Virginia,13.7790040969849,35,9.36666679382324,14
"Bedford, IN",2008-2012,13260,Indiana,9.81071472167969,23,1,1
"Beeville, TX",2008-2012,13300,Texas,0.833333373069763,2,NA,NA
"Bellefontaine, OH",2008-2012,13340,Ohio,2.33730149269104,8,1,1
"Bellingham, WA",2008-2012,13380,Washington,80.1484146118164,192,71.5666656494141,137
"Bemidji, MN",2008-2012,13420,Minnesota,5.58333349227905,24,4.33333349227905,5
"Bend-Redmond, OR",2008-2012,13460,Oregon,91.8851165771484,246,63.5095252990723,70
"Bennettsville, SC",2008-2012,13500,South Carolina,0.5,1,2,2
"Bennington, VT",2008-2012,13540,Vermont,28.9373016357422,64,13.5,14
"Berlin, NH-VT",2008-2012,13620,New Hampshire,3.2261905670166,8,5.33333349227905,9
"Big Rapids, MI",2008-2012,13660,Michigan,1.55952382087708,5,3.25,4
"Big Spring, TX",2008-2012,13700,Texas,3.45000004768372,7,1,1
"Big Stone Gap, VA",2008-2012,13720,Virginia,1.41666674613953,4,NA,NA
"Billings, MT",2008-2012,13740,Montana,17.0107135772705,37,19,21
"Binghamton, NY",2008-2012,13780,New York,112.062805175781,331,39.9136924743652,81
"Birmingham-Hoover, AL",2008-2012,13820,Alabama,305.0703125,800,239.101379394531,313
"Bismarck, ND",2008-2012,13900,North Dakota,13.3000001907349,35,2.33333325386047,4
"Blackfoot, ID",2008-2012,13940,Idaho,8.08333301544189,15,2,2
"Blacksburg-Christiansburg-Radford, VA",2008-2012,13980,Virginia,240.823455810547,708,142.116668701172,167
"Bloomington, IL",2008-2012,14010,Illinois,28.460765838623,72,11.3333330154419,13
"Bloomington, IN",2008-2012,14020,Indiana,211.269485473633,550,450.966674804688,483
"Bloomsburg-Berwick, PA",2008-2012,14100,Pennsylvania,6.92619037628174,11,5.5,6
"Bluefield, WV-VA",2008-2012,14140,West Virginia,7.5,12,6,6
"Blytheville, AR",2008-2012,14180,Arkansas,4.4404764175415,20,0.75,6
"Bogalusa, LA",2008-2012,14220,Louisiana,0.833333373069763,2,NA,NA
"Boise City, ID",2008-2012,14260,Idaho,612.4052734375,1377,740.905517578125,802
"Boone, IA",2008-2012,14340,Iowa,3.23333334922791,8,2.33333325386047,3
"Boone, NC",2008-2012,14380,North Carolina,7.38035726547241,44,8.75,21
"Borger, TX",2008-2012,14420,Texas,0.900000035762787,3,NA,NA
"Boston-Cambridge-Newton, MA-NH",2008-2012,14460,Massachusetts,13938.892578125,45383,14861.478515625,17755
"Boulder, CO",2008-2012,14500,Colorado,1143.66003417969,3417,947.638732910156,1225
"Bowling Green, KY",2008-2012,14540,Kentucky,29.2785720825195,82,10,10
"Bozeman, MT",2008-2012,14580,Montana,90.5625915527344,215,56,73
"Bradford, PA",2008-2012,14620,Pennsylvania,5.4761905670166,11,3,3
"Brainerd, MN",2008-2012,14660,Minnesota,31.1595249176025,64,24,25
"Branson, MO",2008-2012,14700,Missouri,2.86858987808228,7,1,1
"Breckenridge, CO",2008-2012,14720,Colorado,14.2968254089355,27,10,11
"Bremerton-Silverdale, WA",2008-2012,14740,Washington,100.799026489258,253,44.9345245361328,68
"Brenham, TX",2008-2012,14780,Texas,2.3575758934021,8,1,1
"Brevard, NC",2008-2012,14820,North Carolina,6.54285717010498,31,2,2
"Bridgeport-Stamford-Norwalk, CT",2008-2012,14860,Connecticut,1069.05859375,3281,1087.19909667969,1232
"Brookhaven, MS",2008-2012,15020,Mississippi,0.583333373069763,2,NA,NA
"Brookings, OR",2008-2012,15060,Oregon,NA,NA,1.25,3
"Brookings, SD",2008-2012,15100,South Dakota,30.1166667938232,79,25.4166660308838,38
"Brownsville-Harlingen, TX",2008-2012,15180,Texas,13.5440483093262,27,7.125,8
"Brownwood, TX",2008-2012,15220,Texas,0.5,1,NA,NA
"Brunswick, GA",2008-2012,15260,Georgia,15.2944450378418,32,12.6666669845581,15
"Bucyrus, OH",2008-2012,15340,Ohio,1,3,NA,NA
"Buffalo-Cheektowaga-Niagara Falls, NY",2008-2012,15380,New York,677.804260253906,1859,451.504364013672,535
"Burley, ID",2008-2012,15420,Idaho,3.58730149269104,7,2,3
"Burlington, IA-IL",2008-2012,15460,Iowa,3.58333325386047,10,4,6
"Burlington, NC",2008-2012,15500,North Carolina,64.6133499145508,174,75.2916641235352,78
"Burlington-South Burlington, VT",2008-2012,15540,Vermont,303.403869628906,904,105.297622680664,135
"Butte-Silver Bow, MT",2008-2012,15580,Montana,11.6000003814697,30,10.6666669845581,23
"Cadillac, MI",2008-2012,15620,Michigan,6.08333349227905,15,2,2
"Calhoun, GA",2008-2012,15660,Georgia,8.7261905670166,21,6.4761905670166,10
"California-Lexington Park, MD",2008-2012,15680,Maryland,7.96709966659546,18,2.75757575035095,5
"Cambridge, MD",2008-2012,15700,Maryland,3.50952386856079,8,7.125,8
"Cambridge, OH",2008-2012,15740,Ohio,4.19696950912476,10,4.16666650772095,6
"Ca�on City, CO",2008-2012,15860,Colorado,4.08333349227905,11,4,5
"Canton, IL",2008-2012,15900,Illinois,25.5690479278564,95,NA,NA
"Canton-Massillon, OH",2008-2012,15940,Ohio,181.396881103516,481,123.816665649414,136
"Cape Coral-Fort Myers, FL",2008-2012,15980,Florida,93.7857131958008,198,91.9499969482422,111
"Cape Girardeau, MO-IL",2008-2012,16020,Missouri,7,11,4,4
"Carbondale-Marion, IL",2008-2012,16060,Illinois,18.7373008728027,39,15.4761905670166,18
"Carlsbad-Artesia, NM",2008-2012,16100,New Mexico,1.62467539310455,8,1,1
"Carson City, NV",2008-2012,16180,Nevada,35.4258651733398,71,108.916664123535,124
"Casper, WY",2008-2012,16220,Wyoming,17.1083335876465,33,10,10
"Cedar City, UT",2008-2012,16260,Utah,11.2666664123535,23,12,15
"Cedar Rapids, IA",2008-2012,16300,Iowa,94.6012268066406,235,43.1111106872559,49
"Celina, OH",2008-2012,16380,Ohio,11.2989177703857,43,1,1
"Centralia, IL",2008-2012,16460,Illinois,1.33333337306976,4,0.5,1
"Centralia, WA",2008-2012,16500,Washington,7.08333349227905,14,3,3
"Chambersburg-Waynesboro, PA",2008-2012,16540,Pennsylvania,31.9859657287598,65,7.04453802108765,11
"Champaign-Urbana, IL",2008-2012,16580,Illinois,227.998153686523,760,178.329544067383,241
"Charleston, WV",2008-2012,16620,West Virginia,85.6545104980469,318,18.2055549621582,28
"Charleston-Mattoon, IL",2008-2012,16660,Illinois,4.91666650772095,12,NA,NA
"Charleston-North Charleston, SC",2008-2012,16700,South Carolina,194.38117980957,480,153.969055175781,210
"Charlotte-Concord-Gastonia, NC-SC",2008-2012,16740,North Carolina,1002.14849853516,2949,1037.927734375,1135
"Charlottesville, VA",2008-2012,16820,Virginia,261.399475097656,711,292.302459716797,398
"Chattanooga, TN-GA",2008-2012,16860,Tennessee,91.2194442749023,209,44.7000007629395,63
"Cheyenne, WY",2008-2012,16940,Wyoming,18.2000007629395,32,35,38
"Chicago-Naperville-Elgin, IL-IN-WI",2008-2012,16980,Illinois,9451.236328125,28034,11026.548828125,12400
"Chico, CA",2008-2012,17020,California,15.5507936477661,39,12.1666669845581,15
"Chillicothe, OH",2008-2012,17060,Ohio,3.3511905670166,9,1.5,2
"Cincinnati, OH-KY-IN",2008-2012,17140,Ohio,3298.87622070312,12125,3721.47387695312,3911
"Claremont-Lebanon, NH-VT",2008-2012,17200,New Hampshire,428.732452392578,1188,387.532531738281,469
"Clarksburg, WV",2008-2012,17220,West Virginia,3.36666679382324,9,NA,NA
"Clarksdale, MS",2008-2012,17260,Mississippi,0.583333373069763,2,NA,NA
"Clarksville, TN-KY",2008-2012,17300,Tennessee,14.6333332061768,30,11,11
"Clearlake, CA",2008-2012,17340,California,3.14285707473755,9,2.08333325386047,4
"Cleveland, MS",2008-2012,17380,Mississippi,0.583333373069763,2,NA,NA
"Cleveland, TN",2008-2012,17420,Tennessee,6.96666669845581,21,NA,NA
"Cleveland-Elyria, OH",2008-2012,17460,Ohio,2298.44311523438,6385,3213.14013671875,3481
"Clewiston, FL",2008-2012,17500,Florida,0.333333373069763,1,NA,NA
"Clinton, IA",2008-2012,17540,Iowa,2.79999995231628,11,2,2
"Coeur d'Alene, ID",2008-2012,17660,Idaho,44.3504333496094,111,26.2666664123535,44
"Coffeyville, KS",2008-2012,17700,Kansas,1.14285719394684,3,0.625,2
"Coldwater, MI",2008-2012,17740,Michigan,4.83730173110962,11,NA,NA
"College Station-Bryan, TX",2008-2012,17780,Texas,154.602554321289,469,153.078567504883,213
"Colorado Springs, CO",2008-2012,17820,Colorado,246.39680480957,557,159.884918212891,189
"Columbia, MO",2008-2012,17860,Missouri,123.504638671875,355,145.800003051758,185
"Columbia, SC",2008-2012,17900,South Carolina,165.485229492188,487,107.226188659668,121
"Columbus, GA-AL",2008-2012,17980,Georgia,40.3440475463867,93,37.25,40
"Columbus, IN",2008-2012,18020,Indiana,187.790435791016,632,164.247619628906,189
"Columbus, MS",2008-2012,18060,Mississippi,11.4833335876465,22,3.79523825645447,8
"Columbus, NE",2008-2012,18100,Nebraska,15.6666669845581,48,15,15
"Columbus, OH",2008-2012,18140,Ohio,1301.53747558594,3853,858.930541992188,1057
"Concord, NH",2008-2012,18180,New Hampshire,213.528427124023,593,229.050003051758,250
"Connersville, IN",2008-2012,18220,Indiana,10.2575759887695,21,6,8
"Cookeville, TN",2008-2012,18260,Tennessee,54.7845230102539,179,6.91666698455811,13
"Coos Bay, OR",2008-2012,18300,Oregon,3.58333349227905,5,4,4
"Corinth, MS",2008-2012,18420,Mississippi,3.02857160568237,11,1,1
"Cornelia, GA",2008-2012,18460,Georgia,6.21904754638672,18,1.33333337306976,2
"Corning, NY",2008-2012,18500,New York,825.726928710938,2624,1357.69641113281,2247
"Corpus Christi, TX",2008-2012,18580,Texas,34.1972236633301,73,27.5,31
"Corsicana, TX",2008-2012,18620,Texas,2.58333325386047,5,2,2
"Cortland, NY",2008-2012,18660,New York,35.9023818969727,81,8.625,10
"Corvallis, OR",2008-2012,18700,Oregon,491.135406494141,1468,56.5142860412598,74
"Coshocton, OH",2008-2012,18740,Ohio,3,3,3,3
"Crawfordsville, IN",2008-2012,18820,Indiana,39.4841995239258,113,14.25,16
"Crescent City, CA",2008-2012,18860,California,10,20,10,19
"Crestview-Fort Walton Beach-Destin, FL",2008-2012,18880,Florida,11.3547620773315,27,9.5,10
"Crossville, TN",2008-2012,18900,Tennessee,2.60000014305115,5,2,2
"Cullman, AL",2008-2012,18980,Alabama,9.6801586151123,18,6,9
"Cullowhee, NC",2008-2012,19000,North Carolina,2,7,1.66666674613953,3
"Cumberland, MD-WV",2008-2012,19060,Maryland,2.5,4,2,2
"Dallas-Fort Worth-Arlington, TX",2008-2012,19100,Texas,4097.43896484375,10678,3920.91870117188,4372
"Dalton, GA",2008-2012,19140,Georgia,19.3261909484863,52,38,43
"Danville, IL",2008-2012,19180,Illinois,2,4,0.5,1
"Danville, KY",2008-2012,19220,Kentucky,3.41666674613953,8,1.25,2
"Danville, VA",2008-2012,19260,Virginia,9.16904735565186,29,0.416666686534882,3
"Daphne-Fairhope-Foley, AL",2008-2012,19300,Alabama,17.1805553436279,48,5,8
"Davenport-Moline-Rock Island, IA-IL",2008-2012,19340,Iowa,86.4077911376953,214,208.888885498047,234
"Dayton, OH",2008-2012,19380,Ohio,302.085418701172,814,252.749206542969,278
"Dayton, TN",2008-2012,19420,Tennessee,2.96666669845581,10,NA,NA
"Decatur, AL",2008-2012,19460,Alabama,28.3062267303467,80,19.2119045257568,29
"Decatur, IL",2008-2012,19500,Illinois,89.3896865844727,243,107.833335876465,117
"Decatur, IN",2008-2012,19540,Indiana,8.09404754638672,22,0.0909090936183929,1
"Defiance, OH",2008-2012,19580,Ohio,4.00952386856079,11,NA,NA
"Deltona-Daytona Beach-Ormond Beach, FL",2008-2012,19660,Florida,109.34765625,235,43.033332824707,47
"Denver-Aurora-Lakewood, CO",2008-2012,19740,Colorado,1721.36804199219,4570,1807.19995117188,2083
"DeRidder, LA",2008-2012,19760,Louisiana,3.53333330154419,6,2.70000004768372,4
"Des Moines-West Des Moines, IA",2008-2012,19780,Iowa,298.813781738281,1132,303.172241210938,644
"Detroit-Warren-Dearborn, MI",2008-2012,19820,Michigan,3117.88623046875,7963,3704.82446289062,4250
"Dickinson, ND",2008-2012,19860,North Dakota,5.30952405929565,18,5,6
"Dixon, IL",2008-2012,19940,Illinois,5.83333349227905,10,2.83333325386047,4
"Dodge City, KS",2008-2012,19980,Kansas,4.47380971908569,24,2,2
"Dothan, AL",2008-2012,20020,Alabama,3.97543287277222,12,2.5,3
"Douglas, GA",2008-2012,20060,Georgia,1,1,1,1
"Dover, DE",2008-2012,20100,Delaware,24.9464282989502,67,97.3095245361328,103
"Dublin, GA",2008-2012,20140,Georgia,4.58333349227905,11,1,1
"DuBois, PA",2008-2012,20180,Pennsylvania,2.66666674613953,8,NA,NA
"Dubuque, IA",2008-2012,20220,Iowa,39.100830078125,140,15,16
"Duluth, MN-WI",2008-2012,20260,Minnesota,53.9633712768555,155,29.466667175293,40
"Duncan, OK",2008-2012,20340,Oklahoma,284.048522949219,868,216.66667175293,221
"Dunn, NC",2008-2012,20380,North Carolina,9.98333358764648,27,3,3
"Durango, CO",2008-2012,20420,Colorado,19.5928573608398,49,15,16
"Durant, OK",2008-2012,20460,Oklahoma,2.26666665077209,6,1,2
"Durham-Chapel Hill, NC",2008-2012,20500,North Carolina,1586.23547363281,5150,1697.61804199219,1975
"Dyersburg, TN",2008-2012,20540,Tennessee,0.5,2,NA,NA
"Eagle Pass, TX",2008-2012,20580,Texas,0.200000002980232,1,NA,NA
"Easton, MD",2008-2012,20660,Maryland,7.04166650772095,16,1.25,2
"East Stroudsburg, PA",2008-2012,20700,Pennsylvania,17.5528869628906,51,7.25,9
"Eau Claire, WI",2008-2012,20740,Wisconsin,22.8470249176025,64,11.0833330154419,13
"Edwards, CO",2008-2012,20780,Colorado,16.8833332061768,38,15.4952383041382,24
"Effingham, IL",2008-2012,20820,Illinois,11.0714282989502,25,11.3333330154419,12
"El Campo, TX",2008-2012,20900,Texas,7.74563503265381,20,3.5,4
"El Centro, CA",2008-2012,20940,California,2.52083325386047,6,NA,NA
"El Dorado, AR",2008-2012,20980,Arkansas,0.666666686534882,2,NA,NA
"Elizabeth City, NC",2008-2012,21020,North Carolina,2.58333325386047,5,2,7
"Elizabethtown-Fort Knox, KY",2008-2012,21060,Kentucky,24.3511905670166,42,2,2
"Elk City, OK",2008-2012,21120,Oklahoma,2.5,3,NA,NA
"Elkhart-Goshen, IN",2008-2012,21140,Indiana,76.5829391479492,182,96.4464263916016,109
"Elkins, WV",2008-2012,21180,West Virginia,4.03333330154419,6,4,4
"Elko, NV",2008-2012,21220,Nevada,6.33333349227905,13,1.5,2
"Ellensburg, WA",2008-2012,21260,Washington,1.51666665077209,5,0.333333343267441,1
"Elmira, NY",2008-2012,21300,New York,302.27880859375,989,74.4878082275391,314
"El Paso, TX",2008-2012,21340,Texas,68.337890625,174,32.3333320617676,35
"Emporia, KS",2008-2012,21380,Kansas,0.333333343267441,1,7,7
"Enid, OK",2008-2012,21420,Oklahoma,1.83333337306976,3,3,3
"Enterprise, AL",2008-2012,21460,Alabama,1.5,9,3,3
"Erie, PA",2008-2012,21500,Pennsylvania,185.035720825195,560,39.783332824707,67
"Escanaba, MI",2008-2012,21540,Michigan,2,2,2,2
"Espa�ola, NM",2008-2012,21580,New Mexico,3.11666679382324,7,2,2
"Eugene, OR",2008-2012,21660,Oregon,169.860305786133,489,104.326927185059,120
"Eureka-Arcata-Fortuna, CA",2008-2012,21700,California,13.966667175293,36,5.30952405929565,12
"Evanston, WY",2008-2012,21740,Wyoming,3.33333349227905,8,3,7
"Evansville, IN-KY",2008-2012,21780,Indiana,181.790832519531,594,81.976188659668,95
"Fairbanks, AK",2008-2012,21820,Alaska,4.23333358764648,9,4,4
"Fairfield, IA",2008-2012,21840,Iowa,5.90000009536743,10,5.5,8
"Fairmont, WV",2008-2012,21900,West Virginia,2.76666665077209,10,1.20000004768372,2
"Fallon, NV",2008-2012,21980,Nevada,2.95000004768372,5,1.5,2
"Fargo, ND-MN",2008-2012,22020,North Dakota,120.444046020508,312,109.380950927734,130
"Faribault-Northfield, MN",2008-2012,22060,Minnesota,40.363094329834,112,46.4952392578125,57
"Farmington, MO",2008-2012,22100,Missouri,5.91666650772095,10,3,3
"Farmington, NM",2008-2012,22140,New Mexico,13.4499998092651,22,6.16666698455811,10
"Fayetteville, NC",2008-2012,22180,North Carolina,25.5166664123535,56,18.8333339691162,21
"Fayetteville-Springdale-Rogers, AR-MO",2008-2012,22220,Arkansas,180.039031982422,511,125.416664123535,172
"Fergus Falls, MN",2008-2012,22260,Minnesota,4.5944447517395,13,1.93333339691162,5
"Fernley, NV",2008-2012,22280,Nevada,4.84999990463257,10,1.33333337306976,2
"Findlay, OH",2008-2012,22300,Ohio,30.1666660308838,66,23.8333339691162,26
"Flagstaff, AZ",2008-2012,22380,Arizona,125.538803100586,385,42.9722213745117,56
"Flint, MI",2008-2012,22420,Michigan,110.214126586914,294,26.9357147216797,36
"Florence, SC",2008-2012,22500,South Carolina,56.7762908935547,148,67,69
"Florence-Muscle Shoals, AL",2008-2012,22520,Alabama,12.8325757980347,36,5.58333349227905,7
"Fond du Lac, WI",2008-2012,22540,Wisconsin,21.3555564880371,48,18.5,22
"Forest City, NC",2008-2012,22580,North Carolina,3.11904764175415,9,2,4
"Fort Collins, CO",2008-2012,22660,Colorado,738.367553710938,1865,425.201599121094,514
"Fort Dodge, IA",2008-2012,22700,Iowa,2.45000004768372,5,NA,NA
"Fort Leonard Wood, MO",2008-2012,22780,Missouri,0.200000002980232,2,1,1
"Fort Madison-Keokuk, IA-IL-MO",2008-2012,22800,Iowa,6.9761905670166,21,10.8333330154419,14
"Fort Smith, AR-OK",2008-2012,22900,Arkansas,17.4099216461182,48,31.5,38
"Fort Wayne, IN",2008-2012,23060,Indiana,232.292892456055,592,80.2511901855469,100
"Frankfort, IN",2008-2012,23140,Indiana,4.16071462631226,17,0.0588235333561897,1
"Frankfort, KY",2008-2012,23180,Kentucky,4.09999990463257,10,NA,NA
"Fredericksburg, TX",2008-2012,23240,Texas,3.01715683937073,7,1.5,2
"Freeport, IL",2008-2012,23300,Illinois,8.00833320617676,22,3,4
"Fremont, NE",2008-2012,23340,Nebraska,3.16666674613953,4,5,5
"Fremont, OH",2008-2012,23380,Ohio,6.92619037628174,16,NA,NA
"Fresno, CA",2008-2012,23420,California,81.8796005249023,205,85.2916641235352,100
"Gadsden, AL",2008-2012,23460,Alabama,4.83333349227905,9,3,3
"Gaffney, SC",2008-2012,23500,South Carolina,1.16666662693024,2,0.5,1
"Gainesville, FL",2008-2012,23540,Florida,588.20654296875,1644,601.926940917969,707
"Gainesville, GA",2008-2012,23580,Georgia,37.5265884399414,94,14.6999998092651,19
"Gainesville, TX",2008-2012,23620,Texas,11.8666667938232,19,38.5,40
"Galesburg, IL",2008-2012,23660,Illinois,3.64285731315613,10,4,4
"Garden City, KS",2008-2012,23780,Kansas,0.166666686534882,1,NA,NA
"Gardnerville Ranchos, NV",2008-2012,23820,Nevada,50.0551605224609,112,28.25,35
"Georgetown, SC",2008-2012,23860,South Carolina,7.69924259185791,17,10,10
"Gettysburg, PA",2008-2012,23900,Pennsylvania,21.4601821899414,52,16.1666660308838,18
"Gillette, WY",2008-2012,23940,Wyoming,4.19999980926514,8,5,6
"Glasgow, KY",2008-2012,23980,Kentucky,4.92619037628174,18,5,6
"Glens Falls, NY",2008-2012,24020,New York,47.4180564880371,112,39.25,42
"Glenwood Springs, CO",2008-2012,24060,Colorado,51.0601196289062,94,39.7000007629395,42
"Gloversville, NY",2008-2012,24100,New York,3.56904768943787,11,6,6
"Goldsboro, NC",2008-2012,24140,North Carolina,6.23333358764648,14,3,3
"Grand Forks, ND-MN",2008-2012,24220,North Dakota,36.3261909484863,85,35.25,42
"Grand Island, NE",2008-2012,24260,Nebraska,2.36666679382324,5,1,1
"Grand Junction, CO",2008-2012,24300,Colorado,30.8888282775879,66,17.75,20
"Grand Rapids-Wyoming, MI",2008-2012,24340,Michigan,636.242248535156,1931,902.26904296875,966
"Grants, NM",2008-2012,24380,New Mexico,4.02500009536743,9,3,3
"Grants Pass, OR",2008-2012,24420,Oregon,12.5,17,11.5,12
"Great Bend, KS",2008-2012,24460,Kansas,0.875,3,3,3
"Great Falls, MT",2008-2012,24500,Montana,2.64285707473755,4,3,3
"Greeley, CO",2008-2012,24540,Colorado,212.738845825195,589,61.7520217895508,101
"Green Bay, WI",2008-2012,24580,Wisconsin,68.0151596069336,161,49.3166656494141,60
"Greeneville, TN",2008-2012,24620,Tennessee,15.7637090682983,56,12,12
"Greenfield Town, MA",2008-2012,24640,Massachusetts,33.5019836425781,86,15,15
"Greensboro-High Point, NC",2008-2012,24660,North Carolina,306.719482421875,851,297.566680908203,323
"Greensburg, IN",2008-2012,24700,Indiana,4.05873012542725,12,2.07142853736877,3
"Greenville, MS",2008-2012,24740,Mississippi,2.3511905670166,9,NA,NA
"Greenville, NC",2008-2012,24780,North Carolina,28.9459705352783,69,21.6666660308838,25
"Greenville, OH",2008-2012,24820,Ohio,13.8475580215454,44,7.5,8
"Greenville-Anderson-Mauldin, SC",2008-2012,24860,South Carolina,755.76513671875,1968,233.454040527344,299
"Greenwood, MS",2008-2012,24900,Mississippi,1.25,4,1,1
"Greenwood, SC",2008-2012,24940,South Carolina,10.4642858505249,25,3.76785707473755,9
"Gulfport-Biloxi-Pascagoula, MS",2008-2012,25060,Mississippi,31.2357139587402,63,24.4166660308838,31
"Guymon, OK",2008-2012,25100,Oklahoma,0.400000005960464,2,5.5,6
"Hagerstown-Martinsburg, MD-WV",2008-2012,25180,Maryland,50.585319519043,118,16.4039688110352,21
"Hailey, ID",2008-2012,25200,Idaho,13.2833337783813,23,13.1999998092651,15
"Hammond, LA",2008-2012,25220,Louisiana,11.2916669845581,18,12.5,15
"Hanford-Corcoran, CA",2008-2012,25260,California,1.5,4,1,1
"Hannibal, MO",2008-2012,25300,Missouri,3.82229447364807,17,NA,NA
"Harrisburg-Carlisle, PA",2008-2012,25420,Pennsylvania,253.264602661133,674,67.6666641235352,86
"Harrison, AR",2008-2012,25460,Arkansas,1.83333337306976,3,1.33333337306976,2
"Harrisonburg, VA",2008-2012,25500,Virginia,27.2574672698975,88,24.3333339691162,26
"Hartford-West Hartford-East Hartford, CT",2008-2012,25540,Connecticut,2064.43896484375,5675,2806.87377929688,3047
"Hastings, NE",2008-2012,25580,Nebraska,0.666666746139526,2,NA,NA
"Hattiesburg, MS",2008-2012,25620,Mississippi,17.8166675567627,54,13.3333330154419,16
"Hays, KS",2008-2012,25700,Kansas,1.5,6,NA,NA
"Heber, UT",2008-2012,25720,Utah,16.0329723358154,32,3.53571438789368,6
"Helena, MT",2008-2012,25740,Montana,4.14444446563721,7,2,2
"Henderson, NC",2008-2012,25780,North Carolina,1.98333334922791,6,1,1
"Hermiston-Pendleton, OR",2008-2012,25840,Oregon,3.66666674613953,10,3,3
"Hickory-Lenoir-Morganton, NC",2008-2012,25860,North Carolina,205.837509155273,633,508.501190185547,690
"Hillsdale, MI",2008-2012,25880,Michigan,2.73611116409302,8,2,2
"Hilo, HI",2008-2012,25900,Hawaii,25.881685256958,52,15.8333330154419,24
"Hilton Head Island-Bluffton-Beaufort, SC",2008-2012,25940,South Carolina,18.597620010376,45,16.5833339691162,22
"Hinesville, GA",2008-2012,25980,Georgia,0.842857122421265,3,0.509523808956146,3
"Hobbs, NM",2008-2012,26020,New Mexico,2.125,4,3.5,4
"Holland, MI",2008-2012,26090,Michigan,49.5377426147461,171,13.3095235824585,24
"Homosassa Springs, FL",2008-2012,26140,Florida,9.02777767181396,16,4.33333349227905,6
"Hood River, OR",2008-2012,26220,Oregon,7.30833339691162,17,4,5
"Hot Springs, AR",2008-2012,26300,Arkansas,3.95952391624451,10,2,2
"Houghton, MI",2008-2012,26340,Michigan,29.8714294433594,81,25.466667175293,36
"Houma-Thibodaux, LA",2008-2012,26380,Louisiana,34.6976203918457,72,28.7000007629395,37
"Houston-The Woodlands-Sugar Land, TX",2008-2012,26420,Texas,10014.3251953125,28293,13358.86328125,14817
"Hudson, NY",2008-2012,26460,New York,15.5700397491455,41,5.5,8
"Huntingdon, PA",2008-2012,26500,Pennsylvania,3.5,9,1.33333337306976,2
"Huntington, IN",2008-2012,26540,Indiana,11.0269842147827,28,0.75,2
"Huntington-Ashland, WV-KY-OH",2008-2012,26580,West Virginia,59.3210678100586,203,30.2333335876465,50
"Huntsville, AL",2008-2012,26620,Alabama,272.839294433594,731,196.327377319336,217
"Huntsville, TX",2008-2012,26660,Texas,6.23571443557739,17,5.5,6
"Hutchinson, KS",2008-2012,26740,Kansas,15.1333332061768,35,3.33333325386047,5
"Hutchinson, MN",2008-2012,26780,Minnesota,16.1488094329834,48,12.2857141494751,14
"Idaho Falls, ID",2008-2012,26820,Idaho,93.262825012207,297,79.6666641235352,86
"Indiana, PA",2008-2012,26860,Pennsylvania,30.9364833831787,89,8.29166698455811,12
"Indianapolis-Carmel-Anderson, IN",2008-2012,26900,Indiana,2128.52783203125,6311,1873.83911132812,2236
"Ionia, MI",2008-2012,26960,Michigan,9.80833339691162,18,2.25,4
"Iowa City, IA",2008-2012,26980,Iowa,134.011657714844,381,116.626190185547,157
"Iron Mountain, MI-WI",2008-2012,27020,Michigan,48.649242401123,87,52.8333320617676,56
"Ithaca, NY",2008-2012,27060,New York,481.483856201172,1344,542.823791503906,647
"Jackson, MI",2008-2012,27100,Michigan,94.9563827514648,242,44.3666687011719,48
"Jackson, MS",2008-2012,27140,Mississippi,36.9054641723633,97,37.7333335876465,44
"Jackson, TN",2008-2012,27180,Tennessee,15.5285711288452,39,3.83333349227905,5
"Jackson, WY-ID",2008-2012,27220,Wyoming,26.2706718444824,68,17.6666660308838,21
"Jacksonville, FL",2008-2012,27260,Florida,358.139007568359,1101,384.649993896484,416
"Jacksonville, IL",2008-2012,27300,Illinois,0.699999988079071,2,2,2
"Jacksonville, NC",2008-2012,27340,North Carolina,3.86666679382324,10,4,4
"Jacksonville, TX",2008-2012,27380,Texas,1.33333337306976,2,NA,NA
"Jamestown, ND",2008-2012,27420,North Dakota,2.25,4,0.200000002980232,1
"Jamestown-Dunkirk-Fredonia, NY",2008-2012,27460,New York,18.9976196289062,55,7.34999990463257,17
"Janesville-Beloit, WI",2008-2012,27500,Wisconsin,42.2880210876465,112,46,49
"Jasper, IN",2008-2012,27540,Indiana,5.08333349227905,13,2,2
"Jefferson, GA",2008-2012,27600,Georgia,16.4718265533447,32,7.03333330154419,10
"Jefferson City, MO",2008-2012,27620,Missouri,10.2857141494751,20,6,6
"Jesup, GA",2008-2012,27700,Georgia,0.833333373069763,2,NA,NA
"Johnson City, TN",2008-2012,27740,Tennessee,73.4980773925781,247,14,16
"Johnstown, PA",2008-2012,27780,Pennsylvania,16.213888168335,35,6.5,7
"Jonesboro, AR",2008-2012,27860,Arkansas,12.3845243453979,27,5.5,6
"Joplin, MO",2008-2012,27900,Missouri,51.6003150939941,173,16.2000007629395,18
"Junction City, KS",2008-2012,27920,Kansas,2.5,6,2,2
"Juneau, AK",2008-2012,27940,Alaska,1.33333337306976,2,1,1
"Kahului-Wailuku-Lahaina, HI",2008-2012,27980,Hawaii,22.5595245361328,46,17.8333339691162,23
"Kalamazoo-Portage, MI",2008-2012,28020,Michigan,237.398574829102,782,190.761901855469,219
"Kalispell, MT",2008-2012,28060,Montana,41.1805572509766,102,28,30
"Kankakee, IL",2008-2012,28100,Illinois,22.6246032714844,61,7.5,9
"Kansas City, MO-KS",2008-2012,28140,Missouri,606.915283203125,1509,479.22900390625,579
"Kapaa, HI",2008-2012,28180,Hawaii,5.83333349227905,13,2,2
"Kearney, NE",2008-2012,28260,Nebraska,19.7666664123535,38,20.6428565979004,24
"Keene, NH",2008-2012,28300,New Hampshire,48.6381301879883,129,19.1666660308838,26
"Kendallville, IN",2008-2012,28340,Indiana,10.0095243453979,23,2.66666674613953,4
"Kennett, MO",2008-2012,28380,Missouri,3.11111116409302,8,1,1
"Kennewick-Richland, WA",2008-2012,28420,Washington,205.875411987305,778,195.340484619141,230
"Kerrville, TX",2008-2012,28500,Texas,5.16666698455811,12,2.83333349227905,4
"Ketchikan, AK",2008-2012,28540,Alaska,1,1,NA,NA
"Key West, FL",2008-2012,28580,Florida,27.3527774810791,47,21.8333339691162,28
"Kill Devil Hills, NC",2008-2012,28620,North Carolina,1,1,NA,NA
"Killeen-Temple, TX",2008-2012,28660,Texas,36.2190475463867,89,30.1666679382324,39
"Kingsport-Bristol-Bristol, TN-VA",2008-2012,28700,Tennessee,235.384796142578,900,272.611114501953,283
"Kingston, NY",2008-2012,28740,New York,42.2337303161621,94,29.3333339691162,31
"Kinston, NC",2008-2012,28820,North Carolina,7.46666669845581,23,1,1
"Kirksville, MO",2008-2012,28860,Missouri,2.08333325386047,4,2,2
"Klamath Falls, OR",2008-2012,28900,Oregon,7.5,16,6.5,8
"Knoxville, TN",2008-2012,28940,Tennessee,384.939727783203,1061,340.125,409
"Kokomo, IN",2008-2012,29020,Indiana,11.1707601547241,54,1.52941179275513,10
"Laconia, NH",2008-2012,29060,New Hampshire,23.2634925842285,56,8.58333301544189,10
"La Crosse-Onalaska, WI-MN",2008-2012,29100,Wisconsin,72.2559509277344,235,13.9904766082764,28
"Lafayette, LA",2008-2012,29180,Louisiana,159.936904907227,347,88.3095245361328,105
"Lafayette-West Lafayette, IN",2008-2012,29200,Indiana,428.849212646484,1335,366.826202392578,450
"La Grande, OR",2008-2012,29260,Oregon,1,2,1,1
"LaGrange, GA",2008-2012,29300,Georgia,8.9285717010498,29,2,2
"Lake Charles, LA",2008-2012,29340,Louisiana,29.1000003814697,78,18.8125,27
"Lake City, FL",2008-2012,29380,Florida,2.92045450210571,15,NA,NA
"Lake Havasu City-Kingman, AZ",2008-2012,29420,Arizona,10.2833337783813,18,5.83333349227905,8
"Lakeland-Winter Haven, FL",2008-2012,29460,Florida,77.4384918212891,200,52.5357131958008,58
"Lamesa, TX",2008-2012,29500,Texas,1,1,1,1
"Lancaster, PA",2008-2012,29540,Pennsylvania,236.85237121582,631,163.292861938477,173
"Lansing-East Lansing, MI",2008-2012,29620,Michigan,185.514434814453,514,155.576187133789,192
"Laramie, WY",2008-2012,29660,Wyoming,52.1460304260254,122,38.7000007629395,45
"Laredo, TX",2008-2012,29700,Texas,5.33333349227905,7,7,7
"Las Cruces, NM",2008-2012,29740,New Mexico,14.573016166687,34,5.5,7
"Las Vegas, NM",2008-2012,29780,New Mexico,0.833333373069763,2,0.833333373069763,2
"Las Vegas-Henderson-Paradise, NV",2008-2012,29820,Nevada,442.761047363281,918,728.740417480469,824
"Laurel, MS",2008-2012,29860,Mississippi,1.20000004768372,3,NA,NA
"Laurinburg, NC",2008-2012,29900,North Carolina,2,4,NA,NA
"Lawrence, KS",2008-2012,29940,Kansas,116.122909545898,374,130.486145019531,175
"Lawrenceburg, TN",2008-2012,29980,Tennessee,1.41666674613953,5,NA,NA
"Lawton, OK",2008-2012,30020,Oklahoma,13.1063499450684,37,0.75,2
"Lebanon, MO",2008-2012,30060,Missouri,1.25,3,1,1
"Lebanon, PA",2008-2012,30140,Pennsylvania,27.3285713195801,75,9.66666698455811,11
"Levelland, TX",2008-2012,30220,Texas,0.75,3,1,1
"Lewisburg, PA",2008-2012,30260,Pennsylvania,5.59285736083984,21,4.16666650772095,6
"Lewiston, ID-WA",2008-2012,30300,Idaho,3.41666674613953,11,1,1
"Lewiston-Auburn, ME",2008-2012,30340,Maine,5.73333358764648,14,5,7
"Lewistown, PA",2008-2012,30380,Pennsylvania,13.7011909484863,46,2,2
"Lexington, NE",2008-2012,30420,Nebraska,1.75,4,1,1
"Lexington-Fayette, KY",2008-2012,30460,Kentucky,246.169708251953,695,266.152374267578,311
"Lima, OH",2008-2012,30620,Ohio,4.54358959197998,14,4,4
"Lincoln, IL",2008-2012,30660,Illinois,7.42500019073486,20,NA,NA
"Lincoln, NE",2008-2012,30700,Nebraska,107.544052124023,292,92.4538269042969,135
"Little Rock-North Little Rock-Conway, AR",2008-2012,30780,Arkansas,101.68571472168,277,66.1528167724609,93
"Lock Haven, PA",2008-2012,30820,Pennsylvania,6.90833377838135,31,4,4
"Logan, UT-ID",2008-2012,30860,Utah,127.909545898438,397,116.633331298828,165
"Logan, WV",2008-2012,30880,West Virginia,3.25,6,NA,NA
"Logansport, IN",2008-2012,30900,Indiana,7.16666698455811,13,4.5,5
"London, KY",2008-2012,30940,Kentucky,2.25,3,2,2
"Longview, TX",2008-2012,30980,Texas,55.7345237731934,118,35.1666679382324,44
"Longview, WA",2008-2012,31020,Washington,11.3333330154419,25,21.8333339691162,23
"Los Alamos, NM",2008-2012,31060,New Mexico,101.430595397949,340,116.159523010254,162
"Los Angeles-Long Beach-Anaheim, CA",2008-2012,31080,California,10304.7490234375,27080,10117.607421875,12058
"Louisville/Jefferson County, KY-IN",2008-2012,31140,Kentucky,401.436187744141,1215,322.682159423828,382
"Lubbock, TX",2008-2012,31180,Texas,48.1234855651855,111,44.3333320617676,57
"Ludington, MI",2008-2012,31220,Michigan,2.9952380657196,8,3,3
"Lufkin, TX",2008-2012,31260,Texas,11.2833337783813,27,5,5
"Lumberton, NC",2008-2012,31300,North Carolina,1.5,3,6,6
"Lynchburg, VA",2008-2012,31340,Virginia,119.496803283691,302,61.4523811340332,72
"Macomb, IL",2008-2012,31380,Illinois,6.29716110229492,15,9.82499980926514,12
"Macon, GA",2008-2012,31420,Georgia,26.6714286804199,55,14,14
"Madera, CA",2008-2012,31460,California,9.31904792785645,25,2.83333325386047,5
"Madison, IN",2008-2012,31500,Indiana,8.41666698455811,36,8,8
"Madison, WI",2008-2012,31540,Wisconsin,802.371215820312,2658,671.526184082031,816
"Madisonville, KY",2008-2012,31580,Kentucky,4.69999980926514,10,0.5,2
"Magnolia, AR",2008-2012,31620,Arkansas,2.75,10,NA,NA
"Malone, NY",2008-2012,31660,New York,2.57500004768372,7,2,2
"Malvern, AR",2008-2012,31680,Arkansas,0.333333343267441,1,NA,NA
"Manchester-Nashua, NH",2008-2012,31700,New Hampshire,648.959838867188,1953,435.974548339844,509
"Manhattan, KS",2008-2012,31740,Kansas,77.530158996582,247,58.75,73
"Manitowoc, WI",2008-2012,31820,Wisconsin,16.9539680480957,49,31.9761905670166,35
"Mankato-North Mankato, MN",2008-2012,31860,Minnesota,26.908332824707,63,23.533332824707,30
"Mansfield, OH",2008-2012,31900,Ohio,20.1333332061768,48,11.5,13
"Marietta, OH",2008-2012,31930,Ohio,20.5499992370605,31,15,15
"Marinette, WI-MI",2008-2012,31940,Wisconsin,21.1782054901123,49,7.5,8
"Marion, IN",2008-2012,31980,Indiana,4.83333349227905,8,2,2
"Marion, NC",2008-2012,32000,North Carolina,3.4761905670166,11,4.33333349227905,5
"Marion, OH",2008-2012,32020,Ohio,6.50396823883057,16,2.33333325386047,3
"Marquette, MI",2008-2012,32100,Michigan,11.9166669845581,28,12.5,13
"Marshall, MN",2008-2012,32140,Minnesota,5.83333349227905,13,5.85714292526245,11
"Marshall, TX",2008-2012,32220,Texas,4.11111116409302,8,3,3
"Marshalltown, IA",2008-2012,32260,Iowa,133.042861938477,234,161,162
"Martin, TN",2008-2012,32280,Tennessee,1.5,4,1.25,4
"Martinsville, VA",2008-2012,32300,Virginia,8.44841289520264,28,9.53333377838135,13
"Maryville, MO",2008-2012,32340,Missouri,2.77777791023254,6,1,2
"Mason City, IA",2008-2012,32380,Iowa,4.08571434020996,9,4,4
"Mayfield, KY",2008-2012,32460,Kentucky,0.400000005960464,2,1.39999997615814,3
"Maysville, KY",2008-2012,32500,Kentucky,2.95000004768372,5,2.20000004768372,3
"McAlester, OK",2008-2012,32540,Oklahoma,5.06666660308838,11,1.5,2
"McAllen-Edinburg-Mission, TX",2008-2012,32580,Texas,31.2760810852051,73,21.5,23
"McComb, MS",2008-2012,32620,Mississippi,1.33333337306976,2,1,1
"McPherson, KS",2008-2012,32700,Kansas,16.4333343505859,34,5.33333349227905,9
"Meadville, PA",2008-2012,32740,Pennsylvania,27.0166664123535,50,10.5,15
"Medford, OR",2008-2012,32780,Oregon,43.6027793884277,74,27.6666660308838,34
"Memphis, TN-MS-AR",2008-2012,32820,Tennessee,713.279602050781,1994,628.089721679688,773
"Menomonie, WI",2008-2012,32860,Wisconsin,5.81607151031494,19,5,5
"Merced, CA",2008-2012,32900,California,27.3261909484863,61,5.33333349227905,7
"Meridian, MS",2008-2012,32940,Mississippi,4.26666688919067,10,2,2
"Merrill, WI",2008-2012,32980,Wisconsin,7.40000009536743,18,0.666666746139526,2
"Mexico, MO",2008-2012,33020,Missouri,0.5,1,NA,NA
"Miami, OK",2008-2012,33060,Oklahoma,0.833333373069763,2,NA,NA
"Miami-Fort Lauderdale-West Palm Beach, FL",2008-2012,33100,Florida,2417.82104492188,5399,2467.68969726562,2837
"Michigan City-La Porte, IN",2008-2012,33140,Indiana,8.86111164093018,22,8,8
"Midland, MI",2008-2012,33220,Michigan,816.373168945312,3190,2408.42895507812,2646
"Midland, TX",2008-2012,33260,Texas,41.4121551513672,124,47,53
"Milledgeville, GA",2008-2012,33300,Georgia,4.91666650772095,10,NA,NA
"Milwaukee-Waukesha-West Allis, WI",2008-2012,33340,Wisconsin,1046.39379882812,2883,882.5126953125,1042
"Mineral Wells, TX",2008-2012,33420,Texas,15.75,34,12.5,13
"Minneapolis-St. Paul-Bloomington, MN-WI",2008-2012,33460,Minnesota,8171.89404296875,26630,9558.1201171875,11716
"Minot, ND",2008-2012,33500,North Dakota,1.89999997615814,4,3,4
"Missoula, MT",2008-2012,33540,Montana,34.3226203918457,83,27.2261905670166,31
"Mitchell, SD",2008-2012,33580,South Dakota,5.39166688919067,17,1.5,2
"Moberly, MO",2008-2012,33620,Missouri,3.83333349227905,6,1,1
"Mobile, AL",2008-2012,33660,Alabama,53.7031135559082,150,34.6142845153809,53
"Modesto, CA",2008-2012,33700,California,52.0198402404785,104,39.2333335876465,46
"Monroe, LA",2008-2012,33740,Louisiana,19.5109119415283,41,12.1499996185303,16
"Monroe, MI",2008-2012,33780,Michigan,104.926803588867,262,42.0944442749023,49
"Montgomery, AL",2008-2012,33860,Alabama,10.2242422103882,29,3.95000004768372,6
"Montrose, CO",2008-2012,33940,Colorado,9.28333377838135,16,12.9166669845581,17
"Morehead City, NC",2008-2012,33980,North Carolina,2.6011905670166,9,0.333333343267441,1
"Morgan City, LA",2008-2012,34020,Louisiana,6.25,13,4,4
"Morgantown, WV",2008-2012,34060,West Virginia,60.7428588867188,160,52.6666679382324,63
"Morristown, TN",2008-2012,34100,Tennessee,16.1023807525635,33,9.33333301544189,11
"Moscow, ID",2008-2012,34140,Idaho,27.4150791168213,69,22.0833339691162,24
"Moses Lake, WA",2008-2012,34180,Washington,21.7309532165527,45,16.6666660308838,18
"Moultrie, GA",2008-2012,34220,Georgia,0.875,7,NA,NA
"Mountain Home, AR",2008-2012,34260,Arkansas,0.5,2,NA,NA
"Mount Airy, NC",2008-2012,34340,North Carolina,4.82619047164917,15,2,2
"Mount Pleasant, MI",2008-2012,34380,Michigan,24.7999401092529,63,16.7333335876465,21
"Mount Pleasant, TX",2008-2012,34420,Texas,1.5,2,1,1
"Mount Sterling, KY",2008-2012,34460,Kentucky,1.16666662693024,2,1,1
"Mount Vernon, IL",2008-2012,34500,Illinois,1.25,2,1,1
"Mount Vernon, OH",2008-2012,34540,Ohio,9.17500019073486,19,9.16666698455811,12
"Mount Vernon-Anacortes, WA",2008-2012,34580,Washington,33.7869071960449,91,23.2000007629395,39
"Muncie, IN",2008-2012,34620,Indiana,28.5031147003174,60,10.1999998092651,16
"Murray, KY",2008-2012,34660,Kentucky,3.20000004768372,7,1.75,4
"Muscatine, IA",2008-2012,34700,Iowa,14.3333330154419,38,22,22
"Muskegon, MI",2008-2012,34740,Michigan,37.3971633911133,106,19.7277774810791,28
"Muskogee, OK",2008-2012,34780,Oklahoma,5.75,7,4.5,5
"Myrtle Beach-Conway-North Myrtle Beach, SC-NC",2008-2012,34820,South Carolina,19.1470241546631,52,8.75,11
"Nacogdoches, TX",2008-2012,34860,Texas,3.53333330154419,10,2.33333325386047,3
"Napa, CA",2008-2012,34900,California,52.7817459106445,128,19.9333343505859,30
"Naples-Immokalee-Marco Island, FL",2008-2012,34940,Florida,127.702056884766,241,118.916664123535,134
"Nashville-Davidson-Murfreesboro-Franklin, TN",2008-2012,34980,Tennessee,543.109558105469,1579,561.573974609375,644
"Natchez, MS-LA",2008-2012,35020,Mississippi,1.45000004768372,3,1,1
"Natchitoches, LA",2008-2012,35060,Louisiana,1,1,1,1
"New Bern, NC",2008-2012,35100,North Carolina,19.25,37,3.5,6
"Newberry, SC",2008-2012,35140,South Carolina,2.49126982688904,11,NA,NA
"New Castle, IN",2008-2012,35220,Indiana,5.32777786254883,13,6,6
"New Castle, PA",2008-2012,35260,Pennsylvania,14.6234130859375,43,15,15
"New Haven-Milford, CT",2008-2012,35300,Connecticut,1055.2919921875,3462,926.592834472656,1056
"New Orleans-Metairie, LA",2008-2012,35380,Louisiana,292.012329101562,674,288.077789306641,340
"New Philadelphia-Dover, OH",2008-2012,35420,Ohio,14.7575759887695,33,8.91666698455811,12
"Newport, OR",2008-2012,35440,Oregon,8.86666679382324,16,5,7
"Newport, TN",2008-2012,35460,Tennessee,0.5,1,NA,NA
"Newton, IA",2008-2012,35500,Iowa,8.7261905670166,23,2,2
"New Ulm, MN",2008-2012,35580,Minnesota,2.75,9,NA,NA
"New York-Newark-Jersey City, NY-NJ-PA",2008-2012,35620,New York,14928.078125,46226,17171.416015625,19337
"Niles-Benton Harbor, MI",2008-2012,35660,Michigan,55.5048828125,172,58.8333320617676,61
"Nogales, AZ",2008-2012,35700,Arizona,2.04563498497009,6,1.25,2
"Norfolk, NE",2008-2012,35740,Nebraska,10.8333330154419,15,6.5,7
"North Port-Sarasota-Bradenton, FL",2008-2012,35840,Florida,297.724670410156,609,289.274230957031,346
"North Vernon, IN",2008-2012,35860,Indiana,49.4857139587402,130,NA,NA
"North Wilkesboro, NC",2008-2012,35900,North Carolina,7.39285707473755,11,3.25,4
"Norwalk, OH",2008-2012,35940,Ohio,11.9095239639282,29,0.5,1
"Norwich-New London, CT",2008-2012,35980,Connecticut,267.994934082031,864,56.5595245361328,78
"Oak Harbor, WA",2008-2012,36020,Washington,17.082633972168,43,12.3666667938232,15
"Ocala, FL",2008-2012,36100,Florida,30.299674987793,60,13,14
"Ocean City, NJ",2008-2012,36140,New Jersey,7.27692317962646,19,3.5,6
"Odessa, TX",2008-2012,36220,Texas,7.83333349227905,20,2,2
"Ogden-Clearfield, UT",2008-2012,36260,Utah,362.686981201172,984,263.602386474609,342
"Ogdensburg-Massena, NY",2008-2012,36300,New York,28.3253974914551,95,19.0833339691162,27
"Oil City, PA",2008-2012,36340,Pennsylvania,12.2583332061768,32,6,6
"Okeechobee, FL",2008-2012,36380,Florida,2.40000009536743,5,1,1
"Oklahoma City, OK",2008-2012,36420,Oklahoma,259.3603515625,597,173.741668701172,213
"Olean, NY",2008-2012,36460,New York,36.9345245361328,68,89.1999969482422,101
"Olympia-Tumwater, WA",2008-2012,36500,Washington,65.6761932373047,173,19.6345233917236,28
"Omaha-Council Bluffs, NE-IA",2008-2012,36540,Nebraska,198.696746826172,468,191.376617431641,216
"Oneonta, NY",2008-2012,36580,New York,24.5908737182617,57,26.3928565979004,39
"Ontario, OR-ID",2008-2012,36620,Oregon,2.20000004768372,7,3,5
"Opelousas, LA",2008-2012,36660,Louisiana,5.05000019073486,10,3,3
"Orangeburg, SC",2008-2012,36700,South Carolina,4.93834495544434,21,7,7
"Orlando-Kissimmee-Sanford, FL",2008-2012,36740,Florida,763.362182617188,1809,745.957153320312,841
"Oshkosh-Neenah, WI",2008-2012,36780,Wisconsin,246.141860961914,925,694.069458007812,712
"Oskaloosa, IA",2008-2012,36820,Iowa,20.2857151031494,50,17.8333339691162,21
"Othello, WA",2008-2012,36830,Washington,1.08333337306976,4,NA,NA
"Ottawa, KS",2008-2012,36840,Kansas,2.5,4,1,2
"Ottawa-Peru, IL",2008-2012,36860,Illinois,49.7186889648438,94,54.7000007629395,60
"Ottumwa, IA",2008-2012,36900,Iowa,4.10773801803589,13,NA,NA
"Owatonna, MN",2008-2012,36940,Minnesota,37.6333351135254,85,3,4
"Owensboro, KY",2008-2012,36980,Kentucky,36.5904769897461,88,12.8333330154419,15
"Owosso, MI",2008-2012,37020,Michigan,26.1853904724121,69,6.5,11
"Oxford, MS",2008-2012,37060,Mississippi,18.3075752258301,50,13.5,15
"Oxford, NC",2008-2012,37080,North Carolina,8.27067089080811,27,3,3
"Oxnard-Thousand Oaks-Ventura, CA",2008-2012,37100,California,907.260803222656,2608,808.155639648438,959
"Ozark, AL",2008-2012,37120,Alabama,3,8,1,1
"Paducah, KY-IL",2008-2012,37140,Kentucky,11.1999998092651,22,7.5,8
"Pahrump, NV",2008-2012,37220,Nevada,2.5,3,1.5,3
"Palatka, FL",2008-2012,37260,Florida,9.7261905670166,12,9,10
"Palestine, TX",2008-2012,37300,Texas,3.72857141494751,13,2,2
"Palm Bay-Melbourne-Titusville, FL",2008-2012,37340,Florida,508.410675048828,1425,501.866668701172,579
"Pampa, TX",2008-2012,37420,Texas,1.66666674613953,6,1,1
"Panama City, FL",2008-2012,37460,Florida,18.6111106872559,31,12.6666669845581,15
"Paragould, AR",2008-2012,37500,Arkansas,3.23333334922791,8,1,1
"Paris, TN",2008-2012,37540,Tennessee,3,6,0.5,1
"Paris, TX",2008-2012,37580,Texas,1.91666674613953,5,1.83333337306976,3
"Parkersburg-Vienna, WV",2008-2012,37620,West Virginia,35.3337669372559,97,1.16666662693024,3
"Parsons, KS",2008-2012,37660,Kansas,0.683333337306976,3,NA,NA
"Payson, AZ",2008-2012,37740,Arizona,10.348484992981,17,5,7
"Pensacola-Ferry Pass-Brent, FL",2008-2012,37860,Florida,71.8468246459961,169,60.25,66
"Peoria, IL",2008-2012,37900,Illinois,628.384582519531,1868,856.133361816406,902
"Peru, IN",2008-2012,37940,Indiana,3.28333330154419,7,0.5,1
"Philadelphia-Camden-Wilmington, PA-NJ-DE-MD",2008-2012,37980,Pennsylvania,6802.64990234375,21026,10221.9345703125,11237
"Phoenix-Mesa-Scottsdale, AZ",2008-2012,38060,Arizona,2371.58642578125,5978,1886.79650878906,2253
"Picayune, MS",2008-2012,38100,Mississippi,4.51388883590698,11,2.79166674613953,5
"Pierre, SD",2008-2012,38180,South Dakota,1.53571426868439,4,3.5,6
"Pine Bluff, AR",2008-2012,38220,Arkansas,1.74404764175415,5,4.36363649368286,8
"Pinehurst-Southern Pines, NC",2008-2012,38240,North Carolina,17.8041667938232,42,22.8333339691162,30
"Pittsburg, KS",2008-2012,38260,Kansas,3.68333339691162,14,9,9
"Pittsburgh, PA",2008-2012,38300,Pennsylvania,1971.50842285156,6138,1607.06213378906,1868
"Pittsfield, MA",2008-2012,38340,Massachusetts,61.6766242980957,139,27.4166660308838,33
"Plainview, TX",2008-2012,38380,Texas,2.54166674613953,6,NA,NA
"Platteville, WI",2008-2012,38420,Wisconsin,12.0023813247681,31,0.666666686534882,2
"Plattsburgh, NY",2008-2012,38460,New York,5.44166660308838,12,2,2
"Plymouth, IN",2008-2012,38500,Indiana,8.48376655578613,20,3,3
"Pocatello, ID",2008-2012,38540,Idaho,8.94999980926514,20,2.5,5
"Point Pleasant, WV-OH",2008-2012,38580,West Virginia,0.16666667163372,1,4.19999980926514,5
"Ponca City, OK",2008-2012,38620,Oklahoma,24.0658130645752,60,1.66666674613953,3
"Pontiac, IL",2008-2012,38700,Illinois,1.72619044780731,4,6,6
"Port Angeles, WA",2008-2012,38820,Washington,19.7178573608398,30,15.5,20
"Port Clinton, OH",2008-2012,38840,Ohio,9.37738132476807,28,0.892857193946838,3
"Portland-South Portland, ME",2008-2012,38860,Maine,291.604217529297,694,157.809524536133,188
"Portland-Vancouver-Hillsboro, OR-WA",2008-2012,38900,Oregon,3690.97607421875,11157,2111.73901367188,2541
"Port Lavaca, TX",2008-2012,38920,Texas,10.9575757980347,26,0.666666686534882,2
"Port St. Lucie, FL",2008-2012,38940,Florida,148.906494140625,298,98.125,115
"Portsmouth, OH",2008-2012,39020,Ohio,9.16666698455811,19,5.25,6
"Pottsville, PA",2008-2012,39060,Pennsylvania,22.3250007629395,43,18.8333339691162,21
"Prescott, AZ",2008-2012,39140,Arizona,32.7608184814453,71,24.3333339691162,29
"Price, UT",2008-2012,39220,Utah,2.86666679382324,7,2,3
"Prineville, OR",2008-2012,39260,Oregon,1.91666662693024,5,1.14285719394684,2
"Providence-Warwick, RI-MA",2008-2012,39300,Rhode Island,940.789489746094,2670,1447.50073242188,1585
"Provo-Orem, UT",2008-2012,39340,Utah,495.755126953125,1301,421.019439697266,535
"Pueblo, CO",2008-2012,39380,Colorado,31.8353538513184,65,12.5,14
"Pullman, WA",2008-2012,39420,Washington,96.6380996704102,281,133,142
"Punta Gorda, FL",2008-2012,39460,Florida,16.466667175293,34,11.8333330154419,16
"Quincy, IL-MO",2008-2012,39500,Illinois,10.4992427825928,22,5,5
"Racine, WI",2008-2012,39540,Wisconsin,169.302047729492,579,312.312805175781,400
"Raleigh, NC",2008-2012,39580,North Carolina,1888.83813476562,5482,823.957458496094,1072
"Rapid City, SD",2008-2012,39660,South Dakota,20.5365447998047,45,15,25
"Raymondville, TX",2008-2012,39700,Texas,0.0909090936183929,1,NA,NA
"Reading, PA",2008-2012,39740,Pennsylvania,113.954612731934,292,59.0611114501953,67
"Red Bluff, CA",2008-2012,39780,California,3.25,5,2,2
"Redding, CA",2008-2012,39820,California,33.2534103393555,63,18.8333339691162,23
"Red Wing, MN",2008-2012,39860,Minnesota,31.5737247467041,82,35.8666687011719,38
"Reno, NV",2008-2012,39900,Nevada,261.415710449219,624,609.816650390625,675
"Rexburg, ID",2008-2012,39940,Idaho,5.75,7,4,5
"Richmond, IN",2008-2012,39980,Indiana,5.9404764175415,16,4.40476179122925,6
"Richmond, VA",2008-2012,40060,Virginia,603.458923339844,1711,644.683349609375,760
"Richmond-Berea, KY",2008-2012,40080,Kentucky,10.7380952835083,33,3.83333349227905,5
"Rio Grande City, TX",2008-2012,40100,Texas,0.333333343267441,1,NA,NA
"Riverside-San Bernardino-Ontario, CA",2008-2012,40140,California,754.872253417969,1792,413.004241943359,539
"Riverton, WY",2008-2012,40180,Wyoming,3,3,5,5
"Roanoke, VA",2008-2012,40220,Virginia,193.275863647461,554,155.516662597656,177
"Roanoke Rapids, NC",2008-2012,40260,North Carolina,2.09166669845581,7,1,1
"Rochelle, IL",2008-2012,40300,Illinois,11.8666667938232,25,NA,NA
"Rochester, MN",2008-2012,40340,Minnesota,359.906433105469,1079,259.805145263672,313
"Rochester, NY",2008-2012,40380,New York,2078.74560546875,5502,2204.97436523438,2438
"Rockford, IL",2008-2012,40420,Illinois,151.946029663086,349,88.4285736083984,111
"Rock Springs, WY",2008-2012,40540,Wyoming,4.96666669845581,19,2.33333349227905,3
"Rocky Mount, NC",2008-2012,40580,North Carolina,8.96666717529297,32,6.33333349227905,8
"Rolla, MO",2008-2012,40620,Missouri,47.8428573608398,149,34.8333320617676,38
"Rome, GA",2008-2012,40660,Georgia,10.3845243453979,28,9,10
"Roseburg, OR",2008-2012,40700,Oregon,2.86666679382324,6,1.5,2
"Roswell, NM",2008-2012,40740,New Mexico,4.5,8,4.80000019073486,9
"Russellville, AR",2008-2012,40780,Arkansas,3.29166674613953,10,1.25,4
"Ruston, LA",2008-2012,40820,Louisiana,8.21666717529297,27,5.5,8
"Rutland, VT",2008-2012,40860,Vermont,18.6388893127441,45,14,18
"Sacramento-Roseville-Arden-Arcade, CA",2008-2012,40900,California,1043.22961425781,2851,490.098358154297,672
"Safford, AZ",2008-2012,40940,Arizona,7.01666688919067,18,NA,NA
"Saginaw, MI",2008-2012,40980,Michigan,98.312141418457,347,59.8222236633301,69
"St. Cloud, MN",2008-2012,41060,Minnesota,21.0722217559814,52,11.7333335876465,14
"St. George, UT",2008-2012,41100,Utah,28.8864479064941,67,16.8333339691162,25
"St. Joseph, MO-KS",2008-2012,41140,Missouri,26.4642868041992,79,27.5833339691162,29
"St. Louis, MO-IL",2008-2012,41180,Missouri,1797.92199707031,5363,1700.20251464844,1975
"St. Marys, GA",2008-2012,41220,Georgia,1.41666674613953,4,3.5,4
"Salem, OH",2008-2012,41400,Ohio,10.436544418335,29,3,3
"Salem, OR",2008-2012,41420,Oregon,53.4861106872559,109,32.4595222473145,37
"Salina, KS",2008-2012,41460,Kansas,10.125,30,14.5,16
"Salinas, CA",2008-2012,41500,California,90.377815246582,206,71.5666656494141,83
"Salisbury, MD-DE",2008-2012,41540,Maryland,41.951587677002,100,43.9166679382324,62
"Salt Lake City, UT",2008-2012,41620,Utah,1366.08349609375,3660,1465.64965820312,1794
"San Angelo, TX",2008-2012,41660,Texas,7.01666688919067,19,10,10
"San Antonio-New Braunfels, TX",2008-2012,41700,Texas,493.167114257812,1323,530.469055175781,584
"San Diego-Carlsbad, CA",2008-2012,41740,California,16421.541015625,52011,15498.634765625,16667
"Sandpoint, ID",2008-2012,41760,Idaho,9.01428604125977,21,7,7
"Sandusky, OH",2008-2012,41780,Ohio,38.5880966186523,78,38.6666679382324,42
"Sanford, NC",2008-2012,41820,North Carolina,20.1083335876465,49,27.8261909484863,41
"San Francisco-Oakland-Hayward, CA",2008-2012,41860,California,14259.6865234375,45429,13647.4130859375,16046
"San Jose-Sunnyvale-Santa Clara, CA",2008-2012,41940,California,17772.611328125,55384,22720.8125,24980
"San Luis Obispo-Paso Robles-Arroyo Grande, CA",2008-2012,42020,California,101.260040283203,253,55.0583343505859,73
"Santa Cruz-Watsonville, CA",2008-2012,42100,California,498.955047607422,1295,236.251220703125,318
"Santa Fe, NM",2008-2012,42140,New Mexico,90.952018737793,202,54.0999984741211,74
"Santa Maria-Santa Barbara, CA",2008-2012,42200,California,814.525268554688,2594,419.5849609375,549
"Santa Rosa, CA",2008-2012,42220,California,616.535888671875,1614,532.563110351562,581
"Sault Ste. Marie, MI",2008-2012,42300,Michigan,2.5,4,2,2
"Savannah, GA",2008-2012,42340,Georgia,61.6773796081543,132,60.9904747009277,104
"Sayre, PA",2008-2012,42380,Pennsylvania,10.4833335876465,25,8,8
"Scottsbluff, NE",2008-2012,42420,Nebraska,3.33333325386047,7,7,7
"Scottsboro, AL",2008-2012,42460,Alabama,1.66666674613953,3,1,1
"Scranton-Wilkes-Barre-Hazleton, PA",2008-2012,42540,Pennsylvania,77.076789855957,214,56.9249992370605,79
"Searcy, AR",2008-2012,42620,Arkansas,1.98333334922791,7,NA,NA
"Seattle-Tacoma-Bellevue, WA",2008-2012,42660,Washington,7369.2392578125,26702,6430.8251953125,7329
"Sebastian-Vero Beach, FL",2008-2012,42680,Florida,47.5944442749023,102,23.4023818969727,30
"Sebring, FL",2008-2012,42700,Florida,2.16666674613953,5,NA,NA
"Sedalia, MO",2008-2012,42740,Missouri,3.03333330154419,8,1.33333337306976,2
"Selinsgrove, PA",2008-2012,42780,Pennsylvania,0.726190507411957,3,NA,NA
"Seneca, SC",2008-2012,42860,South Carolina,23.3016242980957,56,5.25757598876953,8
"Seneca Falls, NY",2008-2012,42900,New York,4.90000009536743,13,1.3125,3
"Sevierville, TN",2008-2012,42940,Tennessee,5.85952377319336,15,2.5,3
"Seymour, IN",2008-2012,42980,Indiana,7.78690481185913,23,2.5,3
"Shawano, WI",2008-2012,43020,Wisconsin,2.39285707473755,8,3,3
"Shawnee, OK",2008-2012,43060,Oklahoma,2.5,3,1.33333337306976,2
"Sheboygan, WI",2008-2012,43100,Wisconsin,106.77579498291,284,131.75,139
"Shelby, NC",2008-2012,43140,North Carolina,13.7607145309448,37,7.66666650772095,9
"Shelbyville, TN",2008-2012,43180,Tennessee,2.36111116409302,4,2.34090900421143,4
"Shelton, WA",2008-2012,43220,Washington,4.70952367782593,13,1,2
"Sheridan, WY",2008-2012,43260,Wyoming,7.07619047164917,17,13.1111116409302,15
"Sherman-Denison, TX",2008-2012,43300,Texas,38.2999992370605,88,10,10
"Show Low, AZ",2008-2012,43320,Arizona,2.90000009536743,7,4.75,7
"Shreveport-Bossier City, LA",2008-2012,43340,Louisiana,59.6666679382324,119,45,51
"Sidney, OH",2008-2012,43380,Ohio,28.6905841827393,82,69.3000030517578,74
"Sierra Vista-Douglas, AZ",2008-2012,43420,Arizona,10.0416669845581,18,8,9
"Sikeston, MO",2008-2012,43460,Missouri,5,5,7,7
"Silver City, NM",2008-2012,43500,New Mexico,1.28730165958405,6,0.25,1
"Sioux City, IA-NE-SD",2008-2012,43580,Iowa,23.6666660308838,54,9.5,11
"Sioux Falls, SD",2008-2012,43620,South Dakota,95.6440505981445,215,95.9166641235352,109
"Snyder, TX",2008-2012,43660,Texas,1,1,1,1
"Somerset, KY",2008-2012,43700,Kentucky,0.25,1,0.200000002980232,1
"Somerset, PA",2008-2012,43740,Pennsylvania,14.7833337783813,29,18,19
"Sonora, CA",2008-2012,43760,California,14.045238494873,34,15.4583330154419,17
"South Bend-Mishawaka, IN-MI",2008-2012,43780,Indiana,144.152526855469,324,64.9047622680664,72
"Spartanburg, SC",2008-2012,43900,South Carolina,129.568649291992,418,302.158325195312,326
"Spearfish, SD",2008-2012,43940,South Dakota,0.5,1,NA,NA
"Spirit Lake, IA",2008-2012,44020,Iowa,3.91666674613953,9,NA,NA
"Spokane-Spokane Valley, WA",2008-2012,44060,Washington,245.408477783203,602,239.516662597656,261
"Springfield, IL",2008-2012,44100,Illinois,43.7603530883789,110,29.4333343505859,38
"Springfield, MA",2008-2012,44140,Massachusetts,258.851226806641,766,162.833770751953,191
"Springfield, MO",2008-2012,44180,Missouri,44.2309532165527,111,48.5,49
"Springfield, OH",2008-2012,44220,Ohio,12.2142972946167,31,9.69999980926514,11
"Starkville, MS",2008-2012,44260,Mississippi,30.8650798797607,78,12.5,14
"State College, PA",2008-2012,44300,Pennsylvania,188.214248657227,599,182.842864990234,246
"Statesboro, GA",2008-2012,44340,Georgia,2.03333330154419,4,NA,NA
"Staunton-Waynesboro, VA",2008-2012,44420,Virginia,30.6727275848389,75,17.8333339691162,19
"Steamboat Springs, CO",2008-2012,44460,Colorado,14.3111114501953,39,10.3333330154419,12
"Stephenville, TX",2008-2012,44500,Texas,7.33333349227905,14,1.5,2
"Sterling, CO",2008-2012,44540,Colorado,3.5,7,NA,NA
"Sterling, IL",2008-2012,44580,Illinois,5.85238122940063,14,4,4
"Stevens Point, WI",2008-2012,44620,Wisconsin,9.6845235824585,22,6,6
"Stillwater, OK",2008-2012,44660,Oklahoma,49.6456336975098,112,49.8333320617676,53
"Stockton-Lodi, CA",2008-2012,44700,California,93.4082870483398,271,39.2261924743652,50
"Storm Lake, IA",2008-2012,44740,Iowa,NA,NA,1,1
"Sturgis, MI",2008-2012,44780,Michigan,7.46785736083984,18,3.75,6
"Sulphur Springs, TX",2008-2012,44860,Texas,1.60000002384186,4,1,1
"Summerville, GA",2008-2012,44900,Georgia,0.76666671037674,3,2,2
"Summit Park, UT",2008-2012,44920,Utah,102.06706237793,194,67.226188659668,84
"Sumter, SC",2008-2012,44940,South Carolina,3.23333334922791,7,NA,NA
"Sunbury, PA",2008-2012,44980,Pennsylvania,6.08333349227905,12,5,7
"Susanville, CA",2008-2012,45000,California,0.25,1,NA,NA
"Sweetwater, TX",2008-2012,45020,Texas,NA,NA,2,2
"Syracuse, NY",2008-2012,45060,New York,580.5634765625,1479,325.897613525391,374
"Tahlequah, OK",2008-2012,45140,Oklahoma,1,1,1,1
"Talladega-Sylacauga, AL",2008-2012,45180,Alabama,2.53333330154419,6,1,2
"Tallahassee, FL",2008-2012,45220,Florida,67.4353179931641,157,48.7999992370605,64
"Tampa-St. Petersburg-Clearwater, FL",2008-2012,45300,Florida,807.0546875,1928,670.890197753906,839
"Taos, NM",2008-2012,45340,New Mexico,1.86666667461395,4,2.5,3
"Taylorville, IL",2008-2012,45380,Illinois,3.21666669845581,10,7,7
"Terre Haute, IN",2008-2012,45460,Indiana,29.9857139587402,71,7.83333349227905,13
"Texarkana, TX-AR",2008-2012,45500,Texas,13.25,34,8,8
"The Dalles, OR",2008-2012,45520,Oregon,5.33333349227905,8,4.25,5
"The Villages, FL",2008-2012,45540,Florida,1.25,2,1,1
"Thomaston, GA",2008-2012,45580,Georgia,2,2,1,1
"Thomasville, GA",2008-2012,45620,Georgia,0.708333313465118,3,NA,NA
"Tiffin, OH",2008-2012,45660,Ohio,8.36590957641602,21,5,5
"Tifton, GA",2008-2012,45700,Georgia,3.36666679382324,7,NA,NA
"Toccoa, GA",2008-2012,45740,Georgia,1.20000004768372,2,NA,NA
"Toledo, OH",2008-2012,45780,Ohio,458.888824462891,1289,620.811645507812,740
"Topeka, KS",2008-2012,45820,Kansas,35.3639259338379,97,58.5,59
"Torrington, CT",2008-2012,45860,Connecticut,176.791748046875,494,72.3528900146484,89
"Traverse City, MI",2008-2012,45900,Michigan,59.2559547424316,124,47.5,54
"Trenton, NJ",2008-2012,45940,New Jersey,1254.85229492188,4368,1134.34228515625,1299
"Troy, AL",2008-2012,45980,Alabama,2.20000004768372,8,2,2
"Truckee-Grass Valley, CA",2008-2012,46020,California,52.1873016357422,94,27.8333339691162,33
"Tucson, AZ",2008-2012,46060,Arizona,826.148986816406,2414,376.272064208984,469
"Tullahoma-Manchester, TN",2008-2012,46100,Tennessee,7.42619037628174,14,3.33333349227905,6
"Tulsa, OK",2008-2012,46140,Oklahoma,313.271667480469,798,141.023010253906,193
"Tupelo, MS",2008-2012,46180,Mississippi,12.8333330154419,19,4,6
"Tuscaloosa, AL",2008-2012,46220,Alabama,48.1051597595215,128,51.5909080505371,56
"Twin Falls, ID",2008-2012,46300,Idaho,15.7690477371216,42,5.5,8
"Tyler, TX",2008-2012,46340,Texas,43.7726211547852,92,11.875,18
"Ukiah, CA",2008-2012,46380,California,19.0928573608398,35,13,14
"Urbana, OH",2008-2012,46500,Ohio,2.84285712242126,10,2.70000004768372,4
"Urban Honolulu, HI",2008-2012,46520,Hawaii,177.189086914062,397,166.983337402344,199
"Utica-Rome, NY",2008-2012,46540,New York,42.6909103393555,105,32.75,42
"Valdosta, GA",2008-2012,46660,Georgia,5.17763185501099,10,5,6
"Vallejo-Fairfield, CA",2008-2012,46700,California,117.235702514648,278,46.8666687011719,58
"Valley, AL",2008-2012,46740,Alabama,1.83333337306976,6,NA,NA
"Van Wert, OH",2008-2012,46780,Ohio,4.08333349227905,9,2.5,3
"Vermillion, SD",2008-2012,46820,South Dakota,4.16666650772095,7,6.5,10
"Vernal, UT",2008-2012,46860,Utah,7.83571434020996,17,4.79166650772095,7
"Vernon, TX",2008-2012,46900,Texas,0.5,1,NA,NA
"Vicksburg, MS",2008-2012,46980,Mississippi,3.87970781326294,33,1.5,2
"Victoria, TX",2008-2012,47020,Texas,15.042857170105,36,2,2
"Vincennes, IN",2008-2012,47180,Indiana,2.58333325386047,5,1,2
"Vineland-Bridgeton, NJ",2008-2012,47220,New Jersey,13.7748012542725,34,9.33333301544189,11
"Vineyard Haven, MA",2008-2012,47240,Massachusetts,9.19999980926514,13,10.5,12
"Virginia Beach-Norfolk-Newport News, VA-NC",2008-2012,47260,Virginia,271.287750244141,708,194.985717773438,252
"Visalia-Porterville, CA",2008-2012,47300,California,25.4837665557861,62,22.6666660308838,26
"Wabash, IN",2008-2012,47340,Indiana,1.65238094329834,5,1,1
"Waco, TX",2008-2012,47380,Texas,42.4436874389648,100,31.4444446563721,39
"Wahpeton, ND-MN",2008-2012,47420,North Dakota,9.37626266479492,26,3.10000014305115,4
"Walla Walla, WA",2008-2012,47460,Washington,11.5355157852173,46,14.5,15
"Wapakoneta, OH",2008-2012,47540,Ohio,36.7382049560547,107,56.75,59
"Warner Robins, GA",2008-2012,47580,Georgia,8,18,2.20000004768372,3
"Warren, PA",2008-2012,47620,Pennsylvania,1.75,6,0.449999988079071,2
"Warrensburg, MO",2008-2012,47660,Missouri,2.33333349227905,5,1,1
"Warsaw, IN",2008-2012,47700,Indiana,195.775085449219,596,584.016662597656,617
"Washington, IN",2008-2012,47780,Indiana,2.625,6,1,2
"Washington, NC",2008-2012,47820,North Carolina,4.53333330154419,10,1,1
"Washington-Arlington-Alexandria, DC-VA-MD-WV",2008-2012,47900,District of Columbia,3805.13598632812,11021,3550.30151367188,4354
"Washington Court House, OH",2008-2012,47920,Ohio,2.41666674613953,6,1.5,3
"Waterloo-Cedar Falls, IA",2008-2012,47940,Iowa,39.0499992370605,98,16.8333339691162,21
"Watertown, SD",2008-2012,47980,South Dakota,2.29999995231628,6,8,8
"Watertown-Fort Atkinson, WI",2008-2012,48020,Wisconsin,19.5560245513916,62,6.23333358764648,9
"Watertown-Fort Drum, NY",2008-2012,48060,New York,14.4499998092651,37,14.5,17
"Wausau, WI",2008-2012,48140,Wisconsin,35.8222236633301,117,28,32
"Waycross, GA",2008-2012,48180,Georgia,1.14285719394684,2,1,1
"Weatherford, OK",2008-2012,48220,Oklahoma,0.476190507411957,2,1,1
"Weirton-Steubenville, WV-OH",2008-2012,48260,West Virginia,9.41904735565186,25,2.33333325386047,4
"Wenatchee, WA",2008-2012,48300,Washington,11.8666667938232,16,7.25,9
"West Plains, MO",2008-2012,48460,Missouri,1.20000004768372,2,2,2
"Wheeling, WV-OH",2008-2012,48540,West Virginia,10.0333337783813,26,4.39285707473755,8
"Whitewater-Elkhorn, WI",2008-2012,48580,Wisconsin,34.8496398925781,87,38.1440467834473,50
"Wichita, KS",2008-2012,48620,Kansas,203.869049072266,444,142.733337402344,168
"Wichita Falls, TX",2008-2012,48660,Texas,12.75,28,10.5,14
"Williamsport, PA",2008-2012,48700,Pennsylvania,21.5833339691162,59,21.6333332061768,32
"Williston, ND",2008-2012,48780,North Dakota,1.5,2,1,1
"Willmar, MN",2008-2012,48820,Minnesota,11.1999998092651,25,11,15
"Wilmington, NC",2008-2012,48900,North Carolina,102.138893127441,286,73.4595260620117,85
"Wilmington, OH",2008-2012,48940,Ohio,21.394998550415,86,21,27
"Wilson, NC",2008-2012,48980,North Carolina,7.28333330154419,19,5.66666650772095,7
"Winchester, VA-WV",2008-2012,49020,Virginia,38.4797973632812,87,31.3999996185303,36
"Winnemucca, NV",2008-2012,49080,Nevada,1.75,4,1,1
"Winona, MN",2008-2012,49100,Minnesota,35.3079719543457,117,8.5,10
"Winston-Salem, NC",2008-2012,49180,North Carolina,475.236968994141,1457,342.583343505859,409
"Wisconsin Rapids-Marshfield, WI",2008-2012,49220,Wisconsin,9.61666679382324,22,2,2
"Woodward, OK",2008-2012,49260,Oklahoma,1,2,0.5,1
"Wooster, OH",2008-2012,49300,Ohio,84.8834075927734,185,31.7333335876465,41
"Worcester, MA-CT",2008-2012,49340,Massachusetts,1420.70947265625,4306,1015.29644775391,1219
"Worthington, MN",2008-2012,49380,Minnesota,3.63333344459534,18,9,9
"Yakima, WA",2008-2012,49420,Washington,13.2476196289062,34,6.69999980926514,8
"Yankton, SD",2008-2012,49460,South Dakota,5.78333330154419,12,2,2
"York-Hanover, PA",2008-2012,49620,Pennsylvania,240.557846069336,667,170.759521484375,197
"Youngstown-Warren-Boardman, OH-PA",2008-2012,49660,Ohio,86.6685791015625,212,61.0769233703613,74
"Yuba City, CA",2008-2012,49700,California,5.83333349227905,15,3,4
"Yuma, AZ",2008-2012,49740,Arizona,6.38948440551758,26,4.75,7
"Zanesville, OH",2008-2012,49780,Ohio,2.70000004768372,6,2,2
"Zapata, TX",2008-2012,49820,Texas,0.333333373069763,1,NA,NA
Rest of Alabama,2008-2012,90001,Alabama,26.5492057800293,68,21.3047618865967,33
Rest of Alaska,2008-2012,90002,Alaska,8.91666698455811,14,4.33333349227905,5
Rest of Arizona,2008-2012,90004,Arizona,7.73968267440796,27,NA,NA
Rest of Arkansas,2008-2012,90005,Arkansas,22.91428565979,46,13.6666669845581,18
Rest of California,2008-2012,90006,California,46.7603912353516,102,14.7916669845581,18
Rest of Colorado,2008-2012,90008,Colorado,43.6111488342285,83,25.2261905670166,30
Rest of Florida,2008-2012,90012,Florida,15.8500003814697,30,11.5,14
Rest of Georgia,2008-2012,90013,Georgia,47.9003982543945,122,19.6666660308838,26
Rest of Idaho,2008-2012,90016,Idaho,41.3587684631348,106,13.25,17
Rest of Illinois,2008-2012,90017,Illinois,39.5742416381836,93,28.7238101959229,42
Rest of Indiana,2008-2012,90018,Indiana,70.4359664916992,218,31.2551441192627,48
Rest of Iowa,2008-2012,90019,Iowa,124.447532653809,311,105.75,124
Rest of Kansas,2008-2012,90020,Kansas,95.5037307739258,263,227.005157470703,254
Rest of Kentucky,2008-2012,90021,Kentucky,38.4908027648926,101,13.7170991897583,24
Rest of Louisiana,2008-2012,90022,Louisiana,10.9750003814697,21,5,5
Rest of Maine,2008-2012,90023,Maine,70.5416641235352,171,48.0833320617676,57
Rest of Maryland,2008-2012,90024,Maryland,4.13333320617676,12,2.66666674613953,4
Rest of Massachusetts,2008-2012,90025,Massachusetts,1,1,NA,NA
Rest of Michigan,2008-2012,90026,Michigan,125.161544799805,313,66.7777786254883,78
Rest of Minnesota,2008-2012,90027,Minnesota,128.580032348633,347,81.8011932373047,108
Rest of Mississippi,2008-2012,90028,Mississippi,21.4917030334473,66,14.0833330154419,18
Rest of Missouri,2008-2012,90029,Missouri,51.490909576416,128,29,39
Rest of Montana,2008-2012,90030,Montana,41.7071418762207,108,13.0476188659668,22
Rest of Nebraska,2008-2012,90031,Nebraska,20.3028144836426,50,14.5095243453979,20
Rest of Nevada,2008-2012,90032,Nevada,0.25,1,2,2
Rest of New Hampshire,2008-2012,90033,New Hampshire,13.4503965377808,29,4,4
Rest of New Mexico,2008-2012,90035,New Mexico,10.1413421630859,25,4.11666679382324,10
Rest of New York,2008-2012,90036,New York,103.347259521484,251,34.4869041442871,63
Rest of North Carolina,2008-2012,90037,North Carolina,26.3409099578857,63,9.36666679382324,15
Rest of North Dakota,2008-2012,90038,North Dakota,54.4135055541992,151,69.6666641235352,75
Rest of Ohio,2008-2012,90039,Ohio,104.877967834473,326,29,33
Rest of Oklahoma,2008-2012,90040,Oklahoma,65.7047958374023,132,366.825439453125,387
Rest of Oregon,2008-2012,90041,Oregon,6.91666650772095,18,12.5,17
Rest of Pennsylvania,2008-2012,90042,Pennsylvania,80.0376968383789,205,24.0369052886963,39
Rest of South Carolina,2008-2012,90045,South Carolina,9.5,15,8,9
Rest of South Dakota,2008-2012,90046,South Dakota,13.1833333969116,26,8.41666698455811,13
Rest of Tennessee,2008-2012,90047,Tennessee,53.3107147216797,120,22.033332824707,33
Rest of Texas,2008-2012,90048,Texas,133.239151000977,330,86.0833358764648,97
Rest of Utah,2008-2012,90049,Utah,16.3666667938232,32,13.75,17
Rest of Vermont,2008-2012,90050,Vermont,53.9742889404297,140,37.3333320617676,54
Rest of Virginia,2008-2012,90051,Virginia,76.574348449707,215,23.4500007629395,39
Rest of Washington,2008-2012,90053,Washington,50.3039817810059,114,33.6761894226074,41
Rest of West Virginia,2008-2012,90054,West Virginia,15.7178573608398,37,10.0595235824585,13
Rest of Wisconsin,2008-2012,90055,Wisconsin,117.884971618652,327,56.5678558349609,70
Rest of Wyoming,2008-2012,90056,Wyoming,24.7428569793701,43,11,13
NOT CLASSIFIED,2008-2012,USZZZ,NOT CLASSIFIED,2065.5908203125,6066,281.678527832031,402
